ID,Creator_Name,Subscribers
1,Sam Green,3100000
2,HaloFollower,747000
3,Evakz,1140000
4,Newsteevie,58100
5,Bundun,814000
6,Vindooly,2750000
7,Kai Cenat Live,5760000
8,NITLENKA 🍭,834000
9,TimTheTatman,5290000
10,Mogswamp,1920000
11,Poxonlox,223000
12,Joe Caine,2560000
13,WesleyWAT,1970000
14,EmSwizzle,487000
15,EYstreem,8400000
16,Scump,2740000
17,MM2 Chillz,818000
18,Goated Gang Gaming,1050000
19,PMdamiann,431000
20,PWR,1700000
21,Jynxzi,2010000
22,Tylerthegamer2008,26500
23,Sykkuno,2860000
24,Big guy,1910000
25,GaroShadowscale,117000
26,Dagwummy,1290000
27,Vegas Matt,330000
28,EddieVR,7100000
29,Jeffy Minecraft,2710000
30,Magic The Noah,687000
31,Amane Plays,1540000
32,TommyInnit,14700000
33,Bigpuffer,917000
34,Bordeaux,259000
35,Crusher 21,1280000
36,Lana's Life,3180000
37,camman18,7660000
38,MMG,2680000
39,ClassicMan D,710000
40,FooziPinkHeart💕,542000
41,Pirate Software,1210000
42,nuqi,2850000
43,penguinz0,14400000
44,Asmongold TV  ,2340000
45,Call of Duty League,1750000
46,MandJTV,2140000
47,AsianJeff,816000
48,jmancurly,2390000
49,cardogjones,800000
50,Markiplier,36200000
51,Sypher Reacts,877000
52,Ludwig,5600000
53,Aphmau,19200000
54,DrDisRespect,4650000
55,LankyBox,31900000
56,Mind Brilliance,674000
57,Top5Gaming,5900000
58,Jonny RaZeR,1520000
59,CaseOh,1180000
60,GTLive,3440000
61,SypherPK,8430000
62,ZoomyBlox ⚡,162000
63,Crave,1380000
64,Danno Cal Drawings,2850000
65,reluhvmixt,2630000
66,Kubz Scouts,5290000
67,Frozy,119000
68,SMii7Y,6590000
69,SSundee,23200000
70,CouRage Gaming,2060000
71,gerg,327000
72,Blake Jennings,219000
73,SteveWillDoIt LIVE,36700
74,Big Star Animation,2720000
75,Garett,42400
76,Wick,44800
77,PrestonPlayz,15100000
78,VanossGaming,25900000
79,Pen Paladin,119000
80,VAVA,1000000
81,Ninja,23900000
82,GameGrumps,5400000
83,Theslickdaddyclub,1190000
84,Pepe Roblox,619000
85,Agbaps Shorts,2040000
86,TG Plays,7190000
87,IGP,2760000
88,League of Legends,15300000
89,EclipsedVO,67500
90,SuperXavier,3060000
91,SMITE by Titan Forge Games,1060000
92,Fresh Spawns,452000
93,Whoh,222000
94,Square Toons,3130000
95,D.S  MAGIC TV,1500000
96,ImStillDontai,2680000
97,VuxVux,12100000
98,Cleanse Beam,3900000
99,Flashgitz,3730000
100,dayta,8480000
